x,y,z,stamp_sec,stamp_nanosec
0.2314046546108724,-0.2056822459185844,0.17560448002364556,1790244731,619659282
0.22794675433272962,-0.2057263035657724,0.1891706645192404,1790244731,668906500
0.14754311678140372,-0.2097948388508577,0.19513709553767203,1790244731,719668206
0.14768016469204673,-0.2098122907066409,0.20013519664018256,1790244731,768709424
0.07562627606442829,-0.21401773855651063,0.2243691322128151,1790244731,821011467
0.07805139409163953,-0.21404627815758925,0.2319926490538867,1790244731,868895385
0.019030422232177602,-0.2184166117405277,0.2726334598759039,1790244731,919607831
0.025740866609027205,-0.21845693266084729,0.2825817350470865,1790244731,968996254
-0.010971067243120247,-0.22263169312718492,0.33570113186536216,1790244732,19618681
-0.009436061400199314,-0.2226374721023082,0.3369832160584341,1790244732,69258438
-0.03751020889644402,-0.22512255185185684,0.389732184277527,1790244732,120981757
-0.03934097956789297,-0.22511818891369034,0.38892702843806937,1790244732,169686511
-0.05243491055126284,-0.22567281598818328,0.4205304580426088,1790244732,219293490
-0.04856346592948521,-0.22567961218999588,0.4215363486891307,1790244732,269801787
-0.04953133069049953,-0.22567791313321328,0.42128487509068996,1790244732,319161192
-0.05049919545151382,-0.22567621407643065,0.4210334014922492,1790244732,369179320
-0.05049919545151382,-0.22567621407643065,0.4210334014922492,1790244732,420925973
-0.05146706021252814,-0.22567451501964803,0.4207819278938085,1790244732,469292411
-0.05146706021252814,-0.22567451501964803,0.4207819278938085,1790244732,523629703
-0.05146706021252814,-0.22567451501964803,0.4207819278938085,1790244732,573065959
-0.05049919545151382,-0.22567621407643065,0.4210334014922492,1790244732,625063631
-0.04856346592948521,-0.22567961218999588,0.4215363486891307,1790244732,671357211
-0.03662934840905159,-0.2259113358218136,0.38534949802930063,1790244732,719341036
-0.03572246544102087,-0.22591357445193494,0.38577087947638977,1790244732,769840704
0.0007465377652937089,-0.22793779617216242,0.33439649569347946,1790244732,819126793
-0.0014756368629891409,-0.227928876730599,0.33238108088678137,1790244732,869590997
0.04862286544231191,-0.23187954087382945,0.2940810758695685,1790244732,921204853
0.04658826346515847,-0.23186582516332516,0.29063720137653487,1790244732,968951308
0.10479218387435787,-0.2362878236674548,0.2618288737339325,1790244733,20673201
0.10502279728033243,-0.23629139999813728,0.2628019146991357,1790244733,68878602
0.1705171423410104,-0.24087940585318315,0.2554597775190746,1790244733,119787141
0.17072679738120233,-0.24086920587401633,0.25246713858400405,1790244733,170315697
0.2361847281510248,-0.24559018265719684,0.266105390428085,1790244733,220049918
0.2354597908626359,-0.24559601819581856,0.2679693775758068,1790244733,269107784
0.2932259318990851,-0.2504290930471227,0.2999001975979476,1790244733,319406358
0.2932259318990851,-0.2504290930471227,0.2999001975979476,1790244733,368879800
0.33945513750339007,-0.25426997457783596,0.3479312604149144,1790244733,420168470
0.33945513750339007,-0.25426997457783596,0.3479312604149144,1790244733,469535911
0.36853913880167466,-0.2559751693462889,0.41136154895164795,1790244733,519586114
0.3733344917153594,-0.25597437289979513,0.409945677796886,1790244733,572558234
0.3744405945057014,-0.25601514788296564,0.41381913364516476,1790244733,618979055
0.3744405945057014,-0.25601514788296564,0.41381913364516476,1790244733,669256388
0.373476660076712,-0.25601524427072464,0.4140852810863291,1790244733,721864544
0.37540451457097757,-0.256015051496643,0.4135529901698983,1790244733,769211534
0.3744405945057014,-0.25601514788296564,0.41381913364516476,1790244733,819921443
0.3744405945057014,-0.25601514788296564,0.41381913364516476,1790244733,869473478
0.3763684489999669,-0.256014955108884,0.413286842728734,1790244733,923644065
0.373476660076712,-0.25601524427072464,0.4140852810863291,1790244733,972640338
0.3763684489999669,-0.256014955108884,0.413286842728734,1790244734,21932205
0.3763684489999669,-0.256014955108884,0.413286842728734,1790244734,68737694
0.3592988482215118,-0.256267707935178,0.36951552027108925,1790244734,120043142
0.3539616506175282,-0.25627261032159254,0.3722567362058311,1790244734,169450213
0.3098673751544283,-0.2584146402680485,0.3186489650531897,1790244734,221535460
0.310572185910868,-0.2584127932101814,0.3179395692263736,1790244734,268902358
0.25463590048964757,-0.2625454461638887,0.2775606718239545,1790244734,319489970
0.25508703022306756,-0.26254274240840664,0.27666823196363344,1790244734,369492247
0.18926841802502417,-0.26723041542907167,0.25446077468240835,1790244734,418947707
0.1895750220615038,-0.2672238191987272,0.2524844228243023,1790244734,468748965
0.11949857567186205,-0.27209675442043085,0.2536765151066554,1790244734,519015169
0.11997720399991246,-0.27210746787783996,0.25663805984151444,1790244734,568933686
0.054892811713595877,-0.27717198761539197,0.2790327584865177,1790244734,619924281
0.05626314041726059,-0.2771824779822032,0.28170148958466085,1790244734,669309685
0.002298805174411181,-0.28188057491152324,0.3223695425621281,1790244734,720036094
0.0030080949271339974,-0.2818836524546087,0.3230744557685095,1790244734,769277832
-0.03271122744679553,-0.28470962781892484,0.3792682720434286,1790244734,819016663
-0.0291417479560218,-0.28471898411096147,0.38107348490474563,1790244734,869513238
-0.0466790903055737,-0.2856826074176372,0.4218315351515381,1790244734,919748368
-0.04280764559041941,-0.2856894039956562,0.42283742543613245,1790244734,968974698
-0.04183978080606085,-0.28569110314649077,0.42308889894409096,1790244735,19747162
-0.04280764559041941,-0.2856894039956562,0.42283742543613245,1790244735,68652213
-0.04183978080606085,-0.28569110314649077,0.42308889894409096,1790244735,119978902
-0.04280764559041941,-0.2856894039956562,0.42283742543613245,1790244735,169379214
-0.044743360736856586,-0.2856860057193063,0.4223344821674551,1790244735,222323408
-0.0408719160217023,-0.2856928022973253,0.4233403724520495,1790244735,270401716
-0.0408719160217023,-0.2856928022973253,0.4233403724520495,1790244735,321554163
-0.04183978080606085,-0.28569110314649077,0.42308889894409096,1790244735,368827691
-0.02864127945562124,-0.2860600318682359,0.3800732326035036,1790244735,419304228
-0.026861460037271523,-0.286064728100165,0.38098547017749806,1790244735,470266861
0.006647301502442637,-0.28842899545058437,0.3250538595545887,1790244735,521442252
0.004531058312944203,-0.2884197571659398,0.3229274856704663,1790244735,569143448
0.056873959537937044,-0.2928597341384516,0.28020458232125245,1790244735,620472766
0.056873959537937044,-0.2928597341384516,0.28020458232125245,1790244735,670466580
0.12121031907647765,-0.2979453859237019,0.256348770797971,1790244735,719028852
0.12090250593349686,-0.29793821841602663,0.25437262396542587,1790244735,768826888
0.1896011153025482,-0.30312959107334214,0.2604611085894526,1790244735,820797153
0.1907149654396961,-0.3031064358597847,0.2535503349935025,1790244735,869108628
0.2562935345754278,-0.3081977235533297,0.277122325428943,1790244735,920206779
0.2540105045032674,-0.3082112352427439,0.28157064459916537,1790244735,969488591
0.30730309378243686,-0.3122896031624052,0.3229808806929579,1790244736,19858369
0.3094311901898885,-0.312284120090061,0.32086635661066687,1790244736,69429311
0.3519272064318172,-0.31468545474694765,0.3747310816898025,1790244736,119485255
0.35103464880548985,-0.3146862411672238,0.37518201884545516,1790244736,169764922
0.3666778245867318,-0.31601551716861226,0.415740440926545,1790244736,219670254
0.3666778245867318,-0.31601551716861226,0.415740440926545,1790244736,268882658
0.3666778245867318,-0.31601551716861226,0.415740440926545,1790244736,319442048
0.3666778245867318,-0.31601551716861226,0.415740440926545,1790244736,369136380
0.36378602147482975,-0.316015806611283,0.41653888388399174,1790244736,419027638
0.36474995584546377,-0.31601571013039276,0.4162727362315095,1790244736,468770303
0.3676417589573658,-0.31601542068772204,0.41547429327406277,1790244736,521476700
0.3686056789642875,-0.31601532420826944,0.41520814958748153,1790244736,574102319
0.36956961333492144,-0.3160152277273792,0.4149420019349993,1790244736,624801784
0.3666778245867318,-0.31601551716861226,0.415740440926545,1790244736,670281638
0.3512719601183948,-0.31629162492618973,0.37568846001232575,1790244736,719511913
0.3494844999843519,-0.3162931972433757,0.3765856779398695,1790244736,769473782
0.30985311318973785,-0.3186177924342135,0.32131081982294424,1790244736,818762427
0.3112760821975572,-0.31861414691842416,0.3199054152102152,1790244736,869342892
0.2551285829540366,-0.32303614324847085,0.2809970808840753,1790244736,921018082
0.255588467141309,-0.3230334570307552,0.28010910376069253,1790244736,969287112
0.1911539072402573,-0.3279127360923599,0.25658196628292174,1790244737,20648134
0.19082690685921772,-0.32791931530956564,0.25855504602717455,1790244737,69169870
0.1222987472432439,-0.3328020989630634,0.2560504590489387,1790244737,119589815
0.122893778742266,-0.33281639087241593,0.2600059360247809,1790244737,168880312
0.05754885311140691,-0.33767380386795004,0.27856369163223527,1790244737,219429239
0.05933465474067619,-0.3376878421722283,0.2821429066742286,1790244737,269001292
0.004808972441498069,-0.34206416631377673,0.3210126147314275,1790244737,319294200
0.006210220397052255,-0.3420703662399587,0.3224396474345941,1790244737,368989420
-0.02800751193346182,-0.3446805477534008,0.37855199120622746,1790244737,420950704
-0.02357441602716613,-0.34469241191087463,0.38086445142073033,1790244737,469580032
-0.04092326273577554,-0.34569242607791373,0.4231326192460584,1790244737,519671106
-0.037051810648143516,-0.3456992227301436,0.4241385107829038,1790244737,568788510
-0.03608394582345044,-0.345700921896366,0.42438998413551987,1790244737,619298807
-0.03608394582345044,-0.345700921896366,0.42438998413551987,1790244737,669056694
-0.03898754029752967,-0.34569582439769875,0.4236355640776718,1790244737,719715862
-0.037051810648143516,-0.3456992227301436,0.4241385107829038,1790244737,768791822
-0.035116088209897645,-0.3457026210499286,0.4246414556145172,1790244737,819725324
-0.03801967547283659,-0.3456975235639212,0.42388703743028777,1790244737,873798152
-0.03414822338520457,-0.345704320216151,0.4248929289671332,1790244737,921787293
-0.03801967547283659,-0.3456975235639212,0.42388703743028777,1790244737,970624381
-0.020696042800918288,-0.3461047255701076,0.3839929115193727,1790244738,20930233
-0.024255953345543743,-0.34609533218915944,0.382168917570954,1790244738,69064578
0.008757241450266268,-0.3486232712896476,0.3269193886299959,1790244738,119699931
0.007346870535348271,-0.34861710758474584,0.3255013505121813,1790244738,168819187
0.056785731508813574,-0.35303265499342207,0.2856258593425707,1790244738,219877856
0.0558606143730347,-0.35302567469625695,0.28385270786328975,1790244738,269271520
0.11961366431804293,-0.3578716985110119,0.2634740752813596,1790244738,320145023
0.11845098000919917,-0.3578466490137197,0.25657135641796425,1790244738,369326853
0.1860068814360911,-0.3626118066668857,0.255672368772496,1790244738,419412186
0.18670836299954605,-0.3625951759486552,0.2507218537132673,1790244738,469320463
0.25090080959282757,-0.3673907181376476,0.2753894528142901,1790244738,519361147
0.25263928630166327,-0.36737968458148673,0.2717870199371799,1790244738,568951182
0.3065419166492535,-0.3720037998029745,0.3137267770513875,1790244738,622715528
0.30585493526199325,-0.3720057332186516,0.31445345228048355,1790244738,669483720
0.3495161492887161,-0.37504843682650335,0.36583156153771057,1790244738,721214077
0.3477681671923763,-0.37505030401260653,0.36680342146199385,1790244738,770408907
0.3656625001652408,-0.37601526407685487,0.4157987809115493,1790244738,818847123
0.36662643449484966,-0.3760151676613389,0.4155326331104585,1790244738,868794956
0.36469856583563187,-0.37601536049237083,0.4160649287126401,1790244738,920141534
0.3656625001652408,-0.37601526407685487,0.4157987809115493,1790244738,969335716
0.36373463150602303,-0.37601545690788685,0.4163310765137309,1790244739,19329030
0.36469856583563187,-0.37601536049237083,0.4160649287126401,1790244739,68927898
0.3685542887903558,-0.37601497483174373,0.4150003414741802,1790244739,121945223
0.36180676284680524,-0.37601564973891877,0.41686337211591246,1790244739,172145056
0.3656625001652408,-0.37601526407685487,0.4157987809115493,1790244739,221285923
0.36662643449484966,-0.3760151676613389,0.4155326331104585,1790244739,270402475
0.35159275409026713,-0.3762555228104398,0.3784932842039784,1790244739,318762710
0.3524922806144003,-0.37625478082336195,0.3780564140459726,1790244739,368936043
0.31897191802870684,-0.37829043996818973,0.3249664081389033,1790244739,419136025
0.31897191802870684,-0.37829043996818973,0.3249664081389033,1790244739,469296969
0.26992272491017877,-0.38218681115349024,0.28688328392988655,1790244739,519550692
0.27253942152294264,-0.38217425812378913,0.2826226861344472,1790244739,569272079
0.21337560336150396,-0.38638324207514363,0.26022783018833473,1790244739,619664506
0.21442896351840382,-0.3863707324987425,0.25636902976070525,1790244739,669432838
0.15117361073204938,-0.390578036081566,0.25342885755512057,1790244739,719343930
0.15106834471084915,-0.39055708089815416,0.24742982037876363,1790244739,769799690
0.08910444911291339,-0.3947877189133967,0.26346887517461715,1790244739,819208428
0.08850641219924639,-0.39478056449639237,0.2615604052974262,1790244739,869116298
0.034122767188010564,-0.3989777847456041,0.2918699544030914,1790244739,919710003
0.03578289083666879,-0.3989879100729902,0.2943687387929479,1790244739,968722536
-0.009063805945735484,-0.40291956256407635,0.33571134863523894,1790244740,19457408
-0.006003759237485015,-0.402931164981815,0.33828737758846095,1790244740,69120277
-0.03215357899551942,-0.40520967333250824,0.39147327383368036,1790244740,121506395
-0.027577168326444648,-0.4052205853230531,0.39348731780999724,1790244740,169354573
-0.03613300384737064,-0.40570043774076014,0.42417319094367445,1790244740,219971593
-0.03516515808900536,-0.40570213715271747,0.42442470804447957,1790244740,269350498
-0.033229452150170924,-0.4057055360019554,0.42492774599400696,1790244740,319477776
-0.03516515808900536,-0.40570213715271747,0.42442470804447957,1790244740,369277441
-0.03613300384737064,-0.40570043774076014,0.42417319094367445,1790244740,419749424
-0.033229452150170924,-0.4057055360019554,0.42492774599400696,1790244740,469046939
-0.032261599180753706,-0.40570723542657444,0.4251792649687707,1790244740,519551922
-0.03129375342238842,-0.40570893483853177,0.4254307820695758,1790244740,576430889
-0.030325900452971205,-0.40571063426315074,0.42568230104433946,1790244740,621070074
-0.033229452150170924,-0.4057055360019554,0.42492774599400696,1790244740,668737121
-0.017664897592634496,-0.40605225085319685,0.3887840955175124,1790244740,719727013
-0.024841506496551646,-0.40603382134782573,0.3852491321549886,1790244740,769199918
0.003942946585197421,-0.4081042091877625,0.34051066761610416,1790244740,820451015
0.002443316300366455,-0.4080983033481327,0.33918737991406966,1790244740,868829546
0.03944938894126149,-0.4117832715169119,0.29908595301163227,1790244740,921413758
0.036690956732514324,-0.4117663626962754,0.2949157350127936,1790244740,969033582
0.08706673212743632,-0.4156589417416178,0.2682483824798624,1790244741,19252935
0.08518338117946583,-0.4156374809232566,0.2625516732773229,1790244741,69131841
0.14235460594286728,-0.41951442381901904,0.25165366218346175,1790244741,119710991
0.14235460594286728,-0.41951442381901904,0.25165366218346175,1790244741,168936969
0.20028097830200542,-0.42336995149941414,0.2538898949492317,1790244741,220465048
0.20048259595892443,-0.42336671763428924,0.2529104339159819,1790244741,269074284
0.2559403016182942,-0.4272652172283824,0.2732316245197385,1790244741,321593662
0.2563898594562296,-0.4272624986672086,0.2723383751632339,1790244741,368904097
0.3028832282148337,-0.4311965339764855,0.30884115738037243,1790244741,420393342
0.30421841700702923,-0.4311925099664185,0.3073521070423992,1790244741,469338505
0.3409393475460526,-0.43440415735745647,0.3533672035014229,1790244741,518932244
0.34345764985209687,-0.43440066494382373,0.35173681159255604,1790244741,568970410
0.36320044468490736,-0.43591790463576713,0.40747343974692607,1790244741,620459415
0.36415334226101836,-0.4359176703372291,0.40717014087177833,1790244741,669896376
0.3665771334665557,-0.4360145331728045,0.41533234315030715,1790244741,723310201
0.3607934852626846,-0.43601511092218975,0.41692902101960577,1790244741,770107338
0.3588655977401102,-0.4360153035057965,0.4174612482978367,1790244741,819499373
0.3627213584214068,-0.43601491834001793,0.416396797706769,1790244741,869424631
0.36464924594398124,-0.4360147257564112,0.4158645704285381,1790244741,919055759
0.36464924594398124,-0.4360147257564112,0.4158645704285381,1790244741,969291889
0.36175741466011957,-0.4360150146318213,0.4166629113458845,1790244742,20847357
0.3607934852626846,-0.43601511092218975,0.41692902101960577,1790244742,69913094
0.3607934852626846,-0.43601511092218975,0.41692902101960577,1790244742,122259194
0.36561318970526846,-0.43601462946460784,0.41559845678942264,1790244742,170326039
0.34596496431463103,-0.4362883031406719,0.37827836500666356,1790244742,220488225
0.3504372969326798,-0.4362843924224447,0.3760427044832103,1790244742,268988164
0.3208949326178242,-0.4381400787711887,0.32999241984469324,1790244742,319007145
0.3231622160607051,-0.438135209397261,0.3280278972182038,1790244742,368990163
0.28274144225653747,-0.441422397899143,0.2903211527562092,1790244742,419673221
0.2833129824147397,-0.44142004068430174,0.28950057957591363,1790244742,468742199
0.2347555268286043,-0.44488564665201175,0.2627831790605269,1790244742,519081792
0.23404815558134026,-0.4448915326863005,0.264653902847093,1790244742,569193144
0.17972559120100526,-0.4484067790982037,0.2515685437694497,1790244742,620424888
0.17972559120100526,-0.4484067790982037,0.2515685437694497,1790244742,669333218
0.12441851216619285,-0.4518965541287545,0.24925821810103482,1790244742,720218257
0.12468849064430206,-0.4519036608310883,0.25123990357774895,1790244742,769888978
0.07097332409522444,-0.4554504342694969,0.26548773943644227,1790244742,820122201
0.07247028743476683,-0.4554645835382066,0.2691970313094109,1790244742,868751714
0.024144390180047604,-0.459040736807933,0.29493797086664586,1790244742,919316512
0.027097958991660204,-0.4590572589583697,0.2989723370634506,1790244742,968742584
-0.012021202314665497,-0.46258291224397924,0.33587880117431956,1790244743,19768013
-0.0035359054782531374,-0.46261444993440703,0.3428786995841563,1790244743,68947602
-0.028998683491687202,-0.4649656667204593,0.3866577947583827,1790244743,119368400
-0.025382522410569264,-0.4649746880759337,0.38836756167108233,1790244743,169345122
-0.03231352474306434,-0.46570665122677934,0.42497370923596817,1790244743,220037753
-0.029409964031913538,-0.46571174933671944,0.4257282296005027,1790244743,268980305
-0.030377820005988584,-0.46571004996251897,0.4254767221877004,1790244743,319340954
-0.02747425929483778,-0.4657151480724591,0.42623124255223493,1790244743,368985675
-0.030377820005988584,-0.46571004996251897,0.4254767221877004,1790244743,420214975
-0.028442115268912813,-0.46571344869825865,0.4259797351394326,1790244743,469344194
-0.028442115268912813,-0.46571344869825865,0.4259797351394326,1790244743,520959828
-0.030377820005988584,-0.46571004996251897,0.4254767221877004,1790244743,575338435
-0.02747425929483778,-0.4657151480724591,0.42623124255223493,1790244743,621432459
-0.029409964031913538,-0.46571174933671944,0.4257282296005027,1790244743,671570922
-0.017926209040470487,-0.466031129907717,0.3890065706995576,1790244743,719844064
-0.0188243706626407,-0.466028838346243,0.38856692356697203,1790244743,769346025
0.0026382245241400176,-0.46789312240166625,0.3448227674441689,1790244743,819053950
0.0003473765060350159,-0.46788445262180073,0.3428857770034536,1790244743,869273728
0.03425372793347886,-0.4711283691533171,0.3060884694672832,1790244743,919658136
0.029576772410958643,-0.4711019088817304,0.29959806055295185,1790244743,968732837
0.0739715506780576,-0.4745448186940398,0.2696054412860396,1790244744,19509487
0.07249541443675421,-0.47453070074415465,0.2658878119175829,1790244744,69560524
0.12514332442668705,-0.4780059145980752,0.2551278687752998,1790244744,119841821
0.12473749533446227,-0.47799529638649413,0.25215547292806817,1790244744,169699746
0.1791899736562836,-0.48153938550057185,0.25241217308695585,1790244744,221235436
0.1797342653279326,-0.48152268916673974,0.24744190456939977,1790244744,269278263
0.2328128212451025,-0.4851320664191066,0.2630072700756596,1790244744,319131503
0.2328128212451025,-0.4851320664191066,0.2630072700756596,1790244744,368931521
0.28212235763255233,-0.488775322580759,0.2873388636638713,1790244744,421672715
0.28268625758956906,-0.4887729554208383,0.2865130214948399,1790244744,469232891
0.32481125898403024,-0.49239362418863186,0.322205332341128,1790244744,518925816
0.3225714582016108,-0.49239859331699837,0.32420115403680033,1790244744,569370873
0.35382479624674645,-0.49504700287351255,0.3693841691546387,1790244744,619100761
0.3485096608041135,-0.49505207672047336,0.3721679214030953,1790244744,669197761
0.3665239232176969,-0.4960138291125697,0.4151177850492755,1790244744,720198264
0.35881245600385014,-0.4960146005443398,0.41724693835411203,1790244744,769002223
0.36074032639824294,-0.49601440768603805,0.4167146490364388,1790244744,819800262
0.36074032639824294,-0.49601440768603805,0.4167146490364388,1790244744,868647295
0.36170424723171474,-0.49601431125832407,0.4164485083434586,1790244744,919881336
0.36170424723171474,-0.49601431125832407,0.4164485083434586,1790244744,968596276
0.3626681824289112,-0.4960142148291732,0.41618236368462197,1790244745,23487070
0.3626681824289112,-0.4960142148291732,0.41618236368462197,1790244745,72022713
0.35592065041226084,-0.4960148898317924,0.4180453723306219,1790244745,122422529
0.36074032639824294,-0.49601440768603805,0.4167146490364388,1790244745,169573908
0.3496573734766205,-0.4962779572083532,0.3743951603406089,1790244745,219547778
0.34876623728916956,-0.49627876424676576,0.3748489000206286,1790244745,268745053
0.3208942630238292,-0.4980757804564545,0.3268206053779035,1790244745,319445648
0.3238909918184258,-0.4980691975829727,0.3241711454240013,1790244745,368936886
0.28228128978048633,-0.5012946500434268,0.2849965310952465,1790244745,423470790
0.28228128978048633,-0.5012946500434268,0.2849965310952465,1790244745,468958368
0.2306219110664714,-0.5047768911958416,0.2589678763440822,1790244745,520460539
0.23028926635370794,-0.5047798590275527,0.25991092604593535,1790244745,569006460
0.17433898458699898,-0.5083230388377212,0.24783244642839805,1790244745,620372261
0.17451025676002613,-0.5083163159056657,0.24583981569169155,1790244745,669073349
0.11676140571947016,-0.5119636797004062,0.2512436207088339,1790244745,719373442
0.11676140571947016,-0.5119636797004062,0.2512436207088339,1790244745,768769181
0.06360589035558069,-0.5156458901902747,0.2694883657250785,1790244745,819264386
0.06278861438562014,-0.5156389045891328,0.267662981545575,1790244745,869144830
0.015398665717140284,-0.5194277472110721,0.29887151646304244,1790244745,919359738
0.019768871422262663,-0.5194503063038136,0.3043396773210157,1790244745,969234459
-0.016118160453231598,-0.5230892213349381,0.3456833472904989,1790244746,18846532
-0.009708854389445312,-0.5231111668679288,0.3504708659750714,1790244746,69152051
-0.02874203402231905,-0.5252504338339425,0.39813306569900286,1790244746,120302296
-0.021340068950888122,-0.5252672509514732,0.40116797117474856,1790244746,170528407
-0.02849428623702173,-0.5257127217817963,0.42577523183706795,1790244746,219591849
-0.025590705031394656,-0.525717819597057,0.42652970295824383,1790244746,270030739
-0.02365499143875059,-0.5257212181279036,0.4270326818319489,1790244746,319165477
-0.02365499143875059,-0.5257212181279036,0.4270326818319489,1790244746,368957716
-0.025590705031394656,-0.525717819597057,0.42652970295824383,1790244746,421246668
-0.021719270634999205,-0.5257246166714108,0.42753566257939946,1790244746,468593308
-0.02365499143875059,-0.5257212181279036,0.4270326818319489,1790244746,521123575
-0.02365499143875059,-0.5257212181279036,0.4270326818319489,1790244746,569494181
-0.021719270634999205,-0.5257246166714108,0.42753566257939946,1790244746,623542101
-0.026558565433270342,-0.5257161203253035,0.42627821258451853,1790244746,668777011
-0.010840223695738699,-0.5260976443226874,0.3879612148943033,1790244746,720060701
-0.017061773373485037,-0.5260812463465299,0.38475309383983347,1790244746,769392087
0.009053768277742055,-0.5281447191344308,0.33881023022394086,1790244746,818756252
0.0053794097710756494,-0.5281299135122685,0.3354192278381944,1790244746,869297309
0.044846780230860056,-0.5316988889394142,0.2963474628145406,1790244746,919163345
0.04009528544146633,-0.5316685293975586,0.28870400576644545,1790244746,970352108
0.09218648698916977,-0.5355007373117894,0.26097867806167513,1790244747,19889718
0.0913368217409645,-0.5354901097805673,0.2581015279961325,1790244747,69128234
0.15055723715869343,-0.5394106430104083,0.24593754535423043,1790244747,119101049
0.1505955612920066,-0.5394175597654199,0.24793717022699674,1790244747,169455809
0.21156327970447633,-0.5434590363565853,0.25201578333267305,1790244747,219075178
0.21181120110852758,-0.5434559119734713,0.25104700612982234,1790244747,269556328
0.2683629785426185,-0.5476046699511031,0.2750231607997522,1790244747,319866588
0.2688594918626986,-0.5476021033391844,0.27415513315698603,1790244747,369440346
0.3202395700677728,-0.5518122805403529,0.3098873945091781,1790244747,421398482
0.3202395700677728,-0.5518122805403529,0.3098873945091781,1790244747,468783917
0.352713196247264,-0.5548757644035355,0.3630135264970222,1790244747,519790754
0.3483464271250624,-0.5548804489708524,0.36544897446735836,1790244747,568753454
0.3645455053783414,-0.5560135701665808,0.41544532467836204,1790244747,620956554
0.3606897638419905,-0.5560139555454213,0.41650984461568197,1790244747,669265882
0.3568340079418586,-0.5560143409256975,0.41757436851865437,1790244747,718933732
0.3616536884532425,-0.5560138592017879,0.41624371760559137,1790244747,769225474
0.3568340079418586,-0.5560143409256975,0.41757436851865437,1790244747,819704087
0.3606897638419905,-0.5560139555454213,0.41650984461568197,1790244747,869483771
0.3577979469168916,-0.5560142445806284,0.41730823754291124,1790244747,921014332
0.35876188589192454,-0.5560141482355594,0.41704210656716817,1790244747,971095721
0.3597258248669575,-0.5560140518904904,0.41677597559142504,1790244748,20095477
0.3568340079418586,-0.5560143409256975,0.41757436851865437,1790244748,74372287
0.34604884259138474,-0.5562977261027232,0.3738318946287911,1790244748,121036257
0.34959695775658006,-0.5562943731436515,0.37198502365817737,1790244748,169007936
0.3135910495074692,-0.5583322062483544,0.3202365240538807,1790244748,221659074
0.31934836297576596,-0.5583179862720232,0.31468198339038006,1790244748,268961491
0.26759581591289916,-0.5620778481339508,0.2745444716386742,1790244748,319471697
0.27055494702593513,-0.5620624146030814,0.2693249457239665,1790244748,368660268
0.2066912583887522,-0.5661577860892429,0.24972804438605817,1790244748,420570793
0.2066912583887522,-0.5661577860892429,0.24972804438605817,1790244748,469083918
0.14160528340005052,-0.5703843125625211,0.2461814224504448,1790244748,520010421
0.14137161195121742,-0.5703703903287541,0.24218828465342135,1790244748,568742694
0.07710957273965549,-0.5746974022933693,0.2573612090520195,1790244748,619036177
0.07677065067831162,-0.5746938821999664,0.25642039902954056,1790244748,669526512
0.021713021499183388,-0.5791064649386822,0.29128854972675144,1790244748,719402067
0.02348475596353966,-0.5791162848569299,0.29370947868793507,1790244748,769493086
-0.01631807636670453,-0.5831842166139003,0.3423660829359702,1790244748,819323011
-0.006784792406678536,-0.5832173416743666,0.3496541051684318,1790244748,869871365
-0.029515021858011914,-0.585377783108221,0.40245242791877894,1790244748,918978232
-0.021112791954196852,-0.5853961108681054,0.4056776601131646,1790244748,968961880
-0.0198349435371893,-0.5857276035784292,0.42783095778671715,1790244749,19453252
-0.018867083066133147,-0.5857293028680066,0.4280824478940809,1790244749,70351959
-0.018867083066133147,-0.5857293028680066,0.4280824478940809,1790244749,119950013
-0.018867083066133147,-0.5857293028680066,0.4280824478940809,1790244749,169194437
-0.0198349435371893,-0.5857276035784292,0.42783095778671715,1790244749,219409752
-0.020802804008245468,-0.5857259042888519,0.4275794676793534,1790244749,269099085
-0.016931369335128663,-0.5857327014345007,0.4285854262350649,1790244749,321000535
-0.020802804008245468,-0.5857259042888519,0.4275794676793534,1790244749,370730572
-0.020802804008245468,-0.5857259042888519,0.4275794676793534,1790244749,419116863
-0.018867083066133147,-0.5857293028680066,0.4280824478940809,1790244749,472139576
-0.01789922980618483,-0.5857310021449234,0.42833393612770115,1790244749,522180077
-0.0198349435371893,-0.5857276035784292,0.42783095778671715,1790244749,571303889
-0.0198349435371893,-0.5857276035784292,0.42783095778671715,1790244749,623256247
-0.01789922980618483,-0.5857310021449234,0.42833393612770115,1790244749,677293538
-0.01789922980618483,-0.5857310021449234,0.42833393612770115,1790244749,734510636
-0.018867083066133147,-0.5857293028680066,0.4280824478940809,1790244749,777648651
-0.01789922980618483,-0.5857310021449234,0.42833393612770115,1790244749,830035955
-0.0198349435371893,-0.5857276035784292,0.42783095778671715,1790244749,873856508
-0.018867083066133147,-0.5857293028680066,0.4280824478940809,1790244749,921562019
-0.01789922980618483,-0.5857310021449234,0.42833393612770115,1790244749,968993937
-0.018867083066133147,-0.5857293028680066,0.4280824478940809,1790244750,19996588
-0.0198349435371893,-0.5857276035784292,0.42783095778671715,1790244750,70654868
-0.01789922980618483,-0.5857310021449234,0.42833393612770115,1790244750,121199537
-0.018867083066133147,-0.5857293028680066,0.4280824478940809,1790244750,170402460
-0.01789922980618483,-0.5857310021449234,0.42833393612770115,1790244750,220043052
-0.0198349435371893,-0.5857276035784292,0.42783095778671715,1790244750,269912978
-0.0198349435371893,-0.5857276035784292,0.42783095778671715,1790244750,324918809
-0.0198349435371893,-0.5857276035784292,0.42783095778671715,1790244750,373889991
-0.0198349435371893,-0.5857276035784292,0.42783095778671715,1790244750,429342954
-0.021770657268193785,-0.5857242050119351,0.42732797944573314,1790244750,474107585
-0.018867083066133147,-0.5857293028680066,0.4280824478940809,1790244750,525929498
-0.01789922980618483,-0.5857310021449234,0.42833393612770115,1790244750,571486354
-0.018867083066133147,-0.5857293028680066,0.4280824478940809,1790244750,621117649
-0.021770657268193785,-0.5857242050119351,0.42732797944573314,1790244750,674047974
-0.018867083066133147,-0.5857293028680066,0.4280824478940809,1790244750,721985337
-0.018867083066133147,-0.5857293028680066,0.4280824478940809,1790244750,771398854
-0.018867083066133147,-0.5857293028680066,0.4280824478940809,1790244750,823312083
-0.01789922980618483,-0.5857310021449234,0.42833393612770115,1790244750,874027141
-0.0198349435371893,-0.5857276035784292,0.42783095778671715,1790244750,921083705
-0.021770657268193785,-0.5857242050119351,0.42732797944573314,1790244750,970858649
-0.01789922980618483,-0.5857310021449234,0.42833393612770115,1790244751,19982202
-0.018867083066133147,-0.5857293028680066,0.4280824478940809,1790244751,69340107
-0.020802804008245468,-0.5857259042888519,0.4275794676793534,1790244751,119657368
-0.0198349435371893,-0.5857276035784292,0.42783095778671715,1790244751,171116521
-0.018867083066133147,-0.5857293028680066,0.4280824478940809,1790244751,221226207
-0.0198349435371893,-0.5857276035784292,0.42783095778671715,1790244751,268962107
-0.020802804008245468,-0.5857259042888519,0.4275794676793534,1790244751,319636850
-0.0198349435371893,-0.5857276035784292,0.42783095778671715,1790244751,368838088
-0.01789922980618483,-0.5857310021449234,0.42833393612770115,1790244751,422158044
-0.01789922980618483,-0.5857310021449234,0.42833393612770115,1790244751,469235090
-0.022738517739249953,-0.5857225057223577,0.4270764893383694,1790244751,519980278
-0.0198349435371893,-0.5857276035784292,0.42783095778671715,1790244751,570466205
-0.0198349435371893,-0.5857276035784292,0.42783095778671715,1790244751,619292350
-0.020802804008245468,-0.5857259042888519,0.4275794676793534,1790244751,669664370
-0.020802804008245468,-0.5857259042888519,0.4275794676793534,1790244751,723364382
-0.018867083066133147,-0.5857293028680066,0.4280824478940809,1790244751,770767948
-0.016931369335128663,-0.5857327014345007,0.4285854262350649,1790244751,824733091
-0.016931369335128663,-0.5857327014345007,0.4285854262350649,1790244751,869665944
-0.018867083066133147,-0.5857293028680066,0.4280824478940809,1790244751,919144091
-0.018867083066133147,-0.5857293028680066,0.4280824478940809,1790244751,969962761
-0.018867083066133147,-0.5857293028680066,0.4280824478940809,1790244752,21580877
-0.018867083066133147,-0.5857293028680066,0.4280824478940809,1790244752,70467689
-0.01789922980618483,-0.5857310021449234,0.42833393612770115,1790244752,123741329
-0.01789922980618483,-0.5857310021449234,0.42833393612770115,1790244752,170013891
-0.0198349435371893,-0.5857276035784292,0.42783095778671715,1790244752,220736616
-0.020802804008245468,-0.5857259042888519,0.4275794676793534,1790244752,271593434
-0.018867083066133147,-0.5857293028680066,0.4280824478940809,1790244752,322085547
-0.01789922980618483,-0.5857310021449234,0.42833393612770115,1790244752,380719076
-0.01789922980618483,-0.5857310021449234,0.42833393612770115,1790244752,427425547
-0.016931369335128663,-0.5857327014345007,0.4285854262350649,1790244752,473978369
-0.016931369335128663,-0.5857327014345007,0.4285854262350649,1790244752,519755522
-0.018867083066133147,-0.5857293028680066,0.4280824478940809,1790244752,576067487
-0.021770657268193785,-0.5857242050119351,0.42732797944573314,1790244752,621315694
-0.0198349435371893,-0.5857276035784292,0.42783095778671715,1790244752,677337751
-0.0198349435371893,-0.5857276035784292,0.42783095778671715,1790244752,725923062
-0.018867083066133147,-0.5857293028680066,0.4280824478940809,1790244752,775211782
-0.01789922980618483,-0.5857310021449234,0.42833393612770115,1790244752,821772178
-0.018867083066133147,-0.5857293028680066,0.4280824478940809,1790244752,869909542
-0.0198349435371893,-0.5857276035784292,0.42783095778671715,1790244752,921650863
-0.01789922980618483,-0.5857310021449234,0.42833393612770115,1790244752,971828568
-0.01789922980618483,-0.5857310021449234,0.42833393612770115,1790244753,28125330
-0.018867083066133147,-0.5857293028680066,0.4280824478940809,1790244753,75456229
-0.0198349435371893,-0.5857276035784292,0.42783095778671715,1790244753,122247644
-0.0198349435371893,-0.5857276035784292,0.42783095778671715,1790244753,171295845
-0.01596350886407251,-0.5857344007240781,0.42883691634242865,1790244753,219360765
-0.018867083066133147,-0.5857293028680066,0.4280824478940809,1790244753,269302913
-0.01789922980618483,-0.5857310021449234,0.42833393612770115,1790244753,319847767
-0.0198349435371893,-0.5857276035784292,0.42783095778671715,1790244753,373629317
-0.018867083066133147,-0.5857293028680066,0.4280824478940809,1790244753,423538372
-0.0198349435371893,-0.5857276035784292,0.42783095778671715,1790244753,469605526
-0.0198349435371893,-0.5857276035784292,0.42783095778671715,1790244753,518785672
-0.0198349435371893,-0.5857276035784292,0.42783095778671715,1790244753,570199362
-0.01789922980618483,-0.5857310021449234,0.42833393612770115,1790244753,620673994
-0.018867083066133147,-0.5857293028680066,0.4280824478940809,1790244753,671823590
-0.020802804008245468,-0.5857259042888519,0.4275794676793534,1790244753,724952231
-0.0198349435371893,-0.5857276035784292,0.42783095778671715,1790244753,778076593
-0.018867083066133147,-0.5857293028680066,0.4280824478940809,1790244753,825683993
-0.01789922980618483,-0.5857310021449234,0.42833393612770115,1790244753,871387961
-0.0198349435371893,-0.5857276035784292,0.42783095778671715,1790244753,920871737
-0.018867083066133147,-0.5857293028680066,0.4280824478940809,1790244753,971575314
-0.01789922980618483,-0.5857310021449234,0.42833393612770115,1790244754,22855503
-0.018867083066133147,-0.5857293028680066,0.4280824478940809,1790244754,74386527
-0.018867083066133147,-0.5857293028680066,0.4280824478940809,1790244754,120903386
-0.0198349435371893,-0.5857276035784292,0.42783095778671715,1790244754,171957890
-0.018867083066133147,-0.5857293028680066,0.4280824478940809,1790244754,223081820
-0.018867083066133147,-0.5857293028680066,0.4280824478940809,1790244754,268949400
-0.01789922980618483,-0.5857310021449234,0.42833393612770115,1790244754,321824872
-0.016931369335128663,-0.5857327014345007,0.4285854262350649,1790244754,371868854
-0.0198349435371893,-0.5857276035784292,0.42783095778671715,1790244754,421593632
-0.0198349435371893,-0.5857276035784292,0.42783095778671715,1790244754,469350050
-0.015251795101295734,-0.586103761935891,0.42604282793376286,1790244754,521779096
-0.019102679357563754,-0.5861000915632859,0.42496084724151306,1790244754,568699142
-0.01580901746229804,-0.5877693912924719,0.4145418205239348,1790244754,620122462
-0.02051210640480139,-0.5877886255897062,0.41284458416360953,1790244754,669322996
-0.013473217317419545,-0.5912995626084915,0.39697277058864083,1790244754,719445256
-0.015267803778635305,-0.5913331395541845,0.3960905470160179,1790244754,768676754
-0.00988810271613548,-0.5958297986178673,0.3795919911809584,1790244754,821969580
-0.010734019540117393,-0.5958649524131312,0.3790598323788111,1790244754,869038108
-0.002988969173649339,-0.6023378921465542,0.3599912488515765,1790244754,919250424
-0.006096384065375882,-0.6025872930832461,0.3574849014876498,1790244754,969037071
0.004097952854573608,-0.6100922608205082,0.33968364916764604,1790244755,19870945
0.004097952854573608,-0.6100922608205082,0.33968364916764604,1790244755,69377685
0.013354018879627269,-0.618670053187406,0.32068100637809144,1790244755,118969554
0.012104530812618808,-0.6189224922549275,0.3191398800691628,1790244755,168886813
0.028140486575694748,-0.6287071765534216,0.30345531292016237,1790244755,220109985
0.025466104517222032,-0.6295294116551778,0.29931145452983754,1790244755,270391227
0.045704095282325094,-0.6411685208921479,0.2838930299449827,1790244755,319722021
0.04397540139356533,-0.6419981957162996,0.2803825710041813,1790244755,369389169
0.06587101718762703,-0.6537598131182608,0.26772119033067865,1790244755,420608543
0.06520959827579931,-0.6542566037730467,0.26590028926902526,1790244755,468807816
0.08970963151722791,-0.6663365371924426,0.25579892059111,1790244755,519477003
0.08858076995313557,-0.6677793775074086,0.251146610979463,1790244755,568980965
0.1153940563620092,-0.6812657293753868,0.2401334817482696,1790244755,619850598
0.11515767755737888,-0.6819192087399327,0.2382580868583027,1790244755,669709802
0.14514392162544687,-0.6930913023747789,0.2360613150175682,1790244755,720586250
0.1450899588452784,-0.6952611044630335,0.2304676566427292,1790244755,768944596
0.17661442279446282,-0.7058069424319361,0.23069664792133918,1790244755,821023863
0.17621879000573165,-0.7042409129826991,0.23435603192831664,1790244755,869627266
0.20723604611884888,-0.710757452112817,0.2432144040538463,1790244755,919378266
0.20806062011037182,-0.7124204114237811,0.23967114158650055,1790244755,969035302
0.23848773334857998,-0.7164764815232043,0.25236621571226725,1790244756,18977562
0.23848773334857998,-0.7164764815232043,0.25236621571226725,1790244756,69121414
0.2668741624997303,-0.7172487802947644,0.26915917250237253,1790244756,119503027
0.26852114418849876,-0.7190192366594963,0.2659727951820665,1790244756,169442083
0.29431290586648573,-0.7163143762177637,0.2863777481355498,1790244756,220539976
0.29431290586648573,-0.7163143762177637,0.2863777481355498,1790244756,269095990
0.3200445214492206,-0.7126493863672925,0.30545738061756605,1790244756,320452273
0.31824907251235013,-0.711343144705544,0.3074748153519148,1790244756,368779564
0.3391334537560532,-0.70505918737979,0.32676972320699665,1790244756,419873679
0.33575360769020124,-0.7029625412900363,0.32979968493312,1790244756,469511031
0.353768754200526,-0.6915928295495607,0.35424880910929873,1790244756,520353571
0.34469260804447466,-0.6869048395997114,0.36054535953036326,1790244756,569239679
0.3580192819657444,-0.6745378361212265,0.38196680505104275,1790244756,619757811
0.3539064465084746,-0.6727680491741095,0.38419220186499425,1790244756,669448106
0.3604517146724294,-0.6573345091818251,0.4061453393586666,1790244756,720641074
0.358692819895084,-0.6567189889864835,0.406871590185746,1790244756,769222699
0.3626731395260382,-0.6403455662300733,0.4267794423739573,1790244756,821265818
0.35804294425983024,-0.639082600302298,0.42818164106828405,1790244756,868874588
0.3599125312750213,-0.6262123623347661,0.4417840682369284,1790244756,918847422
0.3599125312750213,-0.6262123623347661,0.4417840682369284,1790244756,968865959
0.359191250556195,-0.6207559778586678,0.4471060153451634,1790244757,19166849
0.35629919127111304,-0.6202044972232733,0.4476821218270189,1790244757,70370706
0.35537336049493784,-0.6199277336915202,0.44796126630057276,1790244757,119215499
0.3534449785104664,-0.6195608802090061,0.44834438202305504,1790244757,169764964
0.3563375371196372,-0.6201111576995114,0.4477697112937604,1790244757,219596020
0.35440916950270207,-0.6197443069502632,0.4481528241618139,1790244757,269230815
0.35440916950270207,-0.6197443069502632,0.4481528241618139,1790244757,319883133
0.3563375371196372,-0.6201111576995114,0.4477697112937604,1790244757,369420965
0.35248078751823064,-0.619377453467749,0.4485359398842962,1790244757,420978323
0.35440916950270207,-0.6197443069502632,0.4481528241618139,1790244757,469134650
0.35730172811187294,-0.6202945844407685,0.4475781534325193,1790244757,523284683
0.35440916950270207,-0.6197443069502632,0.4481528241618139,1790244757,572729071
0.35537336049493784,-0.6199277336915202,0.44796126630057276,1790244757,620537842
0.35537336049493784,-0.6199277336915202,0.44796126630057276,1790244757,671370882
0.3534449785104664,-0.6195608802090061,0.44834438202305504,1790244757,722107256
0.35440916950270207,-0.6197443069502632,0.4481528241618139,1790244757,769910267
0.3562525807254617,-0.6227898059278241,0.4448645924975341,1790244757,819674934
0.35529325817651786,-0.6225948004089159,0.44506874231458826,1790244757,869612230
0.3507210872595144,-0.6319297698945116,0.43491201294953374,1790244757,918853821
0.3544731153517996,-0.6328838710124208,0.4339060104140368,1790244757,969544194
0.35168104066360506,-0.6492586335133358,0.4161295333378095,1790244758,20973144
0.35437054998681894,-0.6501698383349556,0.4151619629555863,1790244758,68890378
0.3483031005287648,-0.6671244803748237,0.39673180991198115,1790244758,120843330
0.34745900497234816,-0.6667577778258736,0.39712300805276307,1790244758,169091602
0.34238124029385913,-0.6855697297889318,0.37668649048306896,1790244758,221705575
0.3439460487127217,-0.6864200643920976,0.37577636857508323,1790244758,269216974
0.3320028528673391,-0.7036603896060187,0.3569917622531883,1790244758,319417809
0.33769435806593073,-0.7074933472622662,0.35287894993548463,1790244758,368651715
0.32117605970970875,-0.7240210161256049,0.334832286747621,1790244758,418642826
0.3230728172526143,-0.725603937555723,0.3331303414956646,1790244758,469170273
0.29768672605786284,-0.7355643573411034,0.32213714164018054,1790244758,520026258
0.29714098745932316,-0.7349941972477498,0.3227512189179974,1790244758,569778424
0.2706286960486823,-0.7429252721432712,0.31394988381953215,1790244758,619460461
0.26655397554370514,-0.737469450903658,0.3198346716227752,1790244758,669162590
0.23895471676766417,-0.7404645930892181,0.31637712847339655,1790244758,721757229
0.23504301775522904,-0.7334797774520713,0.3239210529247126,1790244758,768821664
0.20773682339784624,-0.7314872846069507,0.3258738580702672,1790244758,819996502
0.20545377413758473,-0.7255766614019266,0.33226541588226916,1790244758,869146870
0.18279521893410713,-0.7307256245143384,0.3265100475114857,1790244758,919332594
0.18130635120181168,-0.7240160370198836,0.33377396641213514,1790244758,968635536
0.1586612076848539,-0.7267678849482944,0.3306179049391049,1790244759,21154545
0.1584915149034295,-0.7240578814804126,0.33355508576510307,1790244759,69264595
0.13751710668719244,-0.7225183043563008,0.33506494564533174,1790244759,120204747
0.13740252996758956,-0.7238715491264064,0.333596743690563,1790244759,168939466
0.11341319305479003,-0.7219112600832507,0.3355398550199969,1790244759,218843226
0.11341319305479003,-0.7219112600832507,0.3355398550199969,1790244759,269024838
0.08943067720635241,-0.7229592108799155,0.334221167568393,1790244759,319701896
0.0886056684317289,-0.7249115118677607,0.33209800284425917,1790244759,369196025
0.06357694315722366,-0.7239774323812521,0.33292048500260485,1790244759,420224399
0.061320254475072375,-0.7277379100486474,0.3288258165401784,1790244759,469240897
0.03534197822807046,-0.7246042237707954,0.3320261227822907,1790244759,520428327
0.03297806716296363,-0.7275822337388611,0.32877907282538,1790244759,568982045
0.006485120250376689,-0.7221137292998314,0.3345071208636492,1790244759,619400307
0.005920882917610407,-0.722671314364289,0.3338982373104745,1790244759,669124955
-0.010419990327014322,-0.7090975906688882,0.3484920254811341,1790244759,722423040
-0.007845514581348065,-0.7070318901243517,0.35075145477748243,1790244759,769198790
-0.021596616766350343,-0.6898095570152464,0.3693211451762237,1790244759,821087574
-0.01360395043198305,-0.6847162335790634,0.3749046480054007,1790244759,869200106
-0.025167743269610868,-0.6702079020540676,0.3905481665184837,1790244759,919271347
-0.01641350474070699,-0.6657256271749269,0.3954748979185505,1790244759,968902180
-0.024694327743709055,-0.6514074803604623,0.4109371653480161,1790244760,19707869
-0.018701732592017475,-0.648977559525138,0.4136175157110098,1790244760,69405850
-0.026760938932476885,-0.6358173247649643,0.4278259382760874,1790244760,120299168
-0.019510349206304248,-0.6335530108639195,0.43033628728789663,1790244760,169403814
-0.02204542448098422,-0.62026487818101,0.44472540167384733,1790244760,218862369
-0.013538094904945508,-0.61830626545758,0.44691383484983627,1790244760,269279037
-0.015778572826582946,-0.6111202170348206,0.45468866685085624,1790244760,319730743
-0.014814743829188418,-0.6109432266527617,0.4548879084640403,1790244760,369950486
-0.014485090909664503,-0.6091637497651904,0.456819911868749,1790244760,419323632
-0.012549942758163624,-0.6088286760300299,0.45719795106499833,1790244760,469775320
-0.015452668589915383,-0.6093312872568952,0.45663089156647024,1790244760,522692701
-0.010614787397661876,-0.6084936010466203,0.4575759916695558,1790244760,568871577
-0.013517513229413622,-0.6089962122734857,0.4570089321710277,1790244760,619620025
-0.012549942758163624,-0.6088286760300299,0.45719795106499833,1790244760,669120580
-0.015452668589915383,-0.6093312872568952,0.45663089156647024,1790244760,719097154
-0.013517513229413622,-0.6089962122734857,0.4570089321710277,1790244760,772778871
-0.015452668589915383,-0.6093312872568952,0.45663089156647024,1790244760,821658368
-0.015452668589915383,-0.6093312872568952,0.45663089156647024,1790244760,870008919
-0.012549942758163624,-0.6088286760300299,0.45719795106499833,1790244760,919179306
-0.012549942758163624,-0.6088286760300299,0.45719795106499833,1790244760,970649071
-0.013709321151778697,-0.6111963261416665,0.45480122779030413,1790244761,20117440
-0.013709321151778697,-0.6111963261416665,0.45480122779030413,1790244761,68945714
-0.01230523720570098,-0.6187237195881768,0.4468358507607048,1790244761,120112960
-0.015132281239785633,-0.619370680030745,0.44606819153085214,1790244761,168795919
-0.012977600109474657,-0.630939509725923,0.43225878933715944,1790244761,220019646
-0.014782915149249412,-0.6314750783100268,0.43158497919226396,1790244761,269265478
-0.010967091905176654,-0.642835351496355,0.4159754015911178,1790244761,319740258
-0.013523181867125242,-0.6437770189689018,0.4147185570294739,1790244761,369367072
-0.01184522889531256,-0.656354372157304,0.39507704801945115,1790244761,418975127
-0.015805317107657438,-0.6581154095696201,0.39258377689516943,1790244761,469061351
-0.006897992891820401,-0.6680649716594175,0.3740628687884951,1790244761,519376501
-0.007621552938144038,-0.6684474668715761,0.3734882712552948,1790244761,568973741
0.002249230828979265,-0.6782684796696347,0.352578857988621,1790244761,620244764
-0.0016313092928787049,-0.6806982458031462,0.3487010219944956,1790244761,669147224
0.01204506752408313,-0.6891289592594894,0.3270306390575463,1790244761,720094932
0.009794756384511938,-0.6908070418329613,0.3241810628974233,1790244761,769132078
0.02793535910928517,-0.6952915778313129,0.3071974431908173,1790244761,819508580
0.024108455067583176,-0.6987002655827084,0.3010545062507269,1790244761,869608914
0.044875286664359665,-0.7036314050336654,0.27969281721941225,1790244761,919966231
0.044109738208262764,-0.7044831799286604,0.2780531735684614,1790244761,969884065
0.07149394113839999,-0.7050916682959676,0.2613780587034158,1790244762,19168971
0.07177010160620614,-0.704673778607533,0.26224356875964916,1790244762,69057619
0.09792261958783789,-0.705801471497853,0.2431606114311065,1790244762,118825508
0.09879189599467325,-0.7037823498574919,0.2476514473953724,1790244762,170002439
0.1275792238538349,-0.7021149401274263,0.23254552123376213,1790244762,221937317
0.1277866390066364,-0.7009631661139056,0.23530782871978181,1790244762,269630199
0.15809674850840635,-0.6949211554570429,0.2293394614483564,1790244762,322229375
0.15798853982828925,-0.6938439544368822,0.2321372955954897,1790244762,369208606
0.18842571072269726,-0.6868225849436038,0.2281721257632833,1790244762,419833017
0.18828506567192352,-0.6864924886648055,0.22910553857096075,1790244762,469834962
0.21873057535948587,-0.6779313195793168,0.22910528456182758,1790244762,520646299
0.21751031477032629,-0.6764427672671827,0.23371994905937132,1790244762,569092572
0.24677122726559342,-0.6672552284429224,0.23665422078274956,1790244762,619757112
0.2443670835576676,-0.665411288432854,0.2429645272933186,1790244762,669260241
0.2702646391925271,-0.6546441737657847,0.2530804635623045,1790244762,719329446
0.2685066562868474,-0.6537337383789071,0.25655618914980105,1790244762,768668778
0.2921211311373665,-0.6431299509670876,0.26898347692948654,1790244762,819685930
0.2915907785771152,-0.6429384260759479,0.2698093391643834,1790244762,869152985
0.3093816871759203,-0.6316829997768458,0.2890499866554268,1790244762,919174615
0.30815114203913524,-0.6313709260003446,0.2905954073852901,1790244762,969681062
0.32340079405964817,-0.6211570675338676,0.3102700755219458,1790244763,19322747
0.31993238290925835,-0.6205473999089688,0.31381951643665346,1790244763,68804617
0.33630019093624564,-0.6120644157289735,0.330127258373532,1790244763,121746739
0.33171584597504417,-0.6115220600580236,0.333959982928625,1790244763,169682307
0.3462725894099398,-0.6040562114021539,0.3505301090187876,1790244763,219602252
0.3437950388980555,-0.6038697265635744,0.3522114785034998,1790244763,269217233
0.35346869675328263,-0.5971723803697555,0.3711833884005282,1790244763,319259382
0.34819524511959266,-0.5969458535022807,0.37403634485720394,1790244763,368898511
0.35797298201758554,-0.5914608648662876,0.39172880695617,1790244763,419450514
0.3552046382790369,-0.5914075354187538,0.39288352596372883,1790244763,468661734
0.3586917923599727,-0.5875740771270339,0.4089945693977236,1790244763,519453553
0.356787279627341,-0.5875644721429542,0.4096050574020782,1790244763,569294053
0.35946253865119565,-0.5861408675219238,0.4160610574236568,1790244763,619493036
0.35946253865119565,-0.5861408675219238,0.4160610574236568,1790244763,669144295
0.3558424578970161,-0.5860152747793677,0.41773170058704845,1790244763,719774243
0.3558424578970161,-0.5860152747793677,0.41773170058704845,1790244763,770853377
0.3558424578970161,-0.5860152747793677,0.41773170058704845,1790244763,819842856
0.3558424578970161,-0.5860152747793677,0.41773170058704845,1790244763,868732594
0.3548785266285299,-0.5860153679277823,0.41799785947583123,1790244763,920233933
0.35777032043398826,-0.5860150884825381,0.4171993828094829,1790244763,969224560
0.3539145953600438,-0.5860154610761971,0.4182640183646141,1790244764,19316209
0.35777032043398826,-0.5860150884825381,0.4171993828094829,1790244764,69706804
0.3558424578970161,-0.5860152747793677,0.41773170058704845,1790244764,124862471
0.35969818297096046,-0.5860149021857086,0.41666706503191725,1790244764,169035767
0.3456119379622853,-0.5854464160150606,0.3773188269754496,1790244764,219245639
0.3491855821520438,-0.5854432725255448,0.3755218843041079,1790244764,270818979
0.3186428031273938,-0.5829498168941388,0.32114828723433614,1790244764,319693568
0.32084097162632097,-0.5829446668430651,0.3191067032401351,1790244764,369261957
0.27244721123335586,-0.5786536006006419,0.2749964322251048,1790244764,419974923
0.2729572497890115,-0.5786510784736484,0.274136282026744,1790244764,469018736
0.21176788113203066,-0.5741224605468112,0.24681105207777398,1790244764,519113348
0.21103707910876102,-0.5741318347409834,0.24972067009485943,1790244764,568949756
0.14551623492430205,-0.5697332841152482,0.24198206392147484,1790244764,618788238
0.14555672980258128,-0.569736750364303,0.24298123968332588,1790244764,669074221
0.0809565237526077,-0.5654890189487217,0.25393166867537975,1790244764,719733187
0.08159529587998543,-0.5654960707796318,0.2558269092019214,1790244764,769268964
0.025308583291999295,-0.5613355756754728,0.28877637576576337,1790244764,821958789
0.02990598555866303,-0.5613619651660839,0.295323376374752,1790244764,869335874
-0.013109492639119286,-0.5576809158142548,0.339981821420435,1790244764,921275196
-0.002927062697440058,-0.5577173266134152,0.34806369650315594,1790244764,969362839
-0.03202380673903704,-0.5558908703111336,0.3980672520577929,1790244765,20028768
-0.023675222548108513,-0.5559096077619088,0.40142890594925246,1790244765,68736265
-0.02271444002560999,-0.5557232864585603,0.4271861055848982,1790244765,119101526
-0.02271444002560999,-0.5557232864585603,0.4271861055848982,1790244765,169812844
-0.020778711766175878,-0.555726682574297,0.4276890280264124,1790244765,220464107
-0.020778711766175878,-0.555726682574297,0.4276890280264124,1790244765,269690994
-0.020778711766175878,-0.555726682574297,0.4276890280264124,1790244765,319495717
-0.023682307760908017,-0.5557215883943661,0.4269346434273735,1790244765,369589440
-0.020778711766175878,-0.555726682574297,0.4276890280264124,1790244765,421491170
-0.021746572290311947,-0.5557249845227544,0.4274375677424229,1790244765,473417844
-0.020778711766175878,-0.555726682574297,0.4276890280264124,1790244765,521843006
-0.02271444002560999,-0.5557232864585603,0.4271861055848982,1790244765,571710470
-0.011132738839166947,-0.5551867069153456,0.392865968306005,1790244765,619177888
-0.012932483491534114,-0.5551821617206518,0.39199368111841515,1790244765,669579631
0.009172096677374036,-0.5528130193184929,0.34453971364288305,1790244765,719543817
0.003177954249811238,-0.5527897261085599,0.3392416257835418,1790244765,768877909
0.0408626029868603,-0.5488543667909916,0.2988198143835588,1790244765,818825076
0.033751841078460576,-0.548810951446368,0.28793702566438806,1790244765,868890078
0.08594429064602757,-0.5447403502420207,0.2576334536448204,1790244765,919640989
0.08624878254740376,-0.5447438801961685,0.25858596415633195,1790244765,968707968
0.14599173464753437,-0.5407529776387564,0.24606666271780495,1790244766,20253104
0.14599173464753437,-0.5407529776387564,0.24606666271780495,1790244766,69082064
0.2066665057355632,-0.5368586945207081,0.2528957090248593,1790244766,118746860
0.2068949744642975,-0.5368555456568642,0.25192216078375007,1790244766,168757787
0.2640178354560063,-0.5330771831891278,0.27378263688273796,1790244766,219428605
0.2630587464060086,-0.5330823943421572,0.275537668862657,1790244766,268728067
0.31624387105389834,-0.5293998449089891,0.3073933131071856,1790244766,319707423
0.3120628181230166,-0.5294110654644402,0.31169664177073714,1790244766,371173188
0.34999296507656485,-0.5268343513351307,0.35832824549865444,1790244766,420158168
0.3456867762668103,-0.5268394195006681,0.3608692715859747,1790244766,469250203
0.3655275202351778,-0.5260148010727019,0.4152567395342442,1790244766,518738091
0.36167189931629595,-0.5260151752307689,0.416321752228913,1790244766,570040689
0.3607080084498536,-0.5260152687688918,0.41658800143510677,1790244766,621111508
0.3587801979904127,-0.5260154558479253,0.4171205077824412,1790244766,668901187
0.3587801979904127,-0.5260154558479253,0.4171205077824412,1790244766,719071467
0.35974410322013317,-0.5260153623084085,0.416854254608774,1790244766,769094449
0.3607080084498536,-0.5260152687688918,0.41658800143510677,1790244766,821882515
0.3626358045460164,-0.5260150816912521,0.4160554990552458,1790244766,875129360
0.36167189931629595,-0.5260151752307689,0.416321752228913,1790244766,922962854
0.36167189931629595,-0.5260151752307689,0.416321752228913,1790244766,969434381
0.3489088385170187,-0.5255076933242823,0.37958443948418225,1790244767,19733531
0.3489088385170187,-0.5255076933242823,0.37958443948418225,1790244767,68941122
0.3217806884295943,-0.5233540094376369,0.33237150997153214,1790244767,121953948
0.3263623041513055,-0.5233446174739258,0.3284974066858892,1790244767,169149366
0.28592003552387996,-0.5196559230987745,0.28868087939809317,1790244767,220134796
0.28649832696866573,-0.519653617102468,0.2878650499181229,1790244767,269509369
0.23650989456456553,-0.5157663109503661,0.256826072124019,1790244767,323920329
0.23580518812176568,-0.5157721318140716,0.2586978015808321,1790244767,368966944
0.1805625161794518,-0.5120282084846296,0.24643259497524733,1790244767,418933222
0.1803382815650798,-0.5120348357631015,0.24841996296453212,1790244767,469162298
0.12152621613243793,-0.5082918644028569,0.24645038386720308,1790244767,520064414
0.12181745907332395,-0.508298903616239,0.2484290411409105,1790244767,569769543
0.06761145070488592,-0.5046822705108542,0.265616219133636,1790244767,619485618
0.06644952733277111,-0.5046717842954531,0.26285039716037506,1790244767,668881931
0.018948208652002654,-0.5011450200972739,0.29491358869643364,1790244767,720532679
0.023188880762486416,-0.5011677628063019,0.300482805230828,1790244767,769537269
-0.012906409913522543,-0.49787455844501577,0.34161151321495997,1790244767,819058695
-0.00740274144430797,-0.49789411811680856,0.3459369553198887,1790244767,869067122
-0.02976647649489078,-0.496020790189427,0.39301659478423157,1790244767,919892848
-0.024266381292025394,-0.496033766429741,0.3954142501962639,1790244767,970326739
-0.029442671979437923,-0.49571201954859595,0.42565093337666005,1790244768,20498389
-0.027506895069967494,-0.49571541489988846,0.42615366853407716,1790244768,69724036
-0.026539003009560677,-0.4957171125818591,0.4264050370492045,1790244768,120216187
-0.024603226100090247,-0.4957205079331516,0.4269077722066216,1790244768,169134925
-0.026539003009560677,-0.4957171125818591,0.4264050370492045,1790244768,220378245
-0.02557111094915386,-0.4957188102638297,0.4266564055643319,1790244768,269035501
-0.026539003009560677,-0.4957171125818591,0.4264050370492045,1790244768,319304429
-0.027506895069967494,-0.49571541489988846,0.42615366853407716,1790244768,371339586
-0.024603226100090247,-0.4957205079331516,0.4269077722066216,1790244768,422000033
-0.026539003009560677,-0.4957171125818591,0.4264050370492045,1790244768,469017358
-0.0166066060029528,-0.4951834310546591,0.3907143318182204,1790244768,520422438
-0.022009811699099865,-0.49516980455447196,0.38810564651162593,1790244768,568946934
0.001927837098323129,-0.49306967549991615,0.34555562264433215,1790244768,619193084
0.00039373644701952426,-0.49306394686042954,0.34427246685312357,1790244768,669097567
0.03407780811942318,-0.4896065771501765,0.3086139175785673,1790244768,720203331
0.02934900202275638,-0.4895803149640838,0.30216118759982613,1790244768,769509996
0.07167960255045985,-0.48598498383185645,0.26940694209001453,1790244768,819093255
0.0709242215572422,-0.48597795895901547,0.2675551033243053,1790244768,869238368
0.1228259113454035,-0.48249056977644794,0.25341936833704015,1790244768,921177691
0.12210371040760037,-0.48247290500308615,0.24847182196644219,1790244768,970162133
0.17719503851386634,-0.4790382758717337,0.2522105072439189,1790244769,19803559
0.17749474673069643,-0.4790282443306453,0.2492255263677612,1790244769,69489355
0.2315999846892781,-0.4756106597098955,0.261528400410064,1790244769,120802991
0.2322796347568301,-0.4756047569619032,0.25964742801374274,1790244769,169093856
0.2812748066232292,-0.4723054388226971,0.2844001539743838,1790244769,219663119
0.2807196297794004,-0.47230783166188867,0.2852318853009051,1790244769,269129044
0.3225664164584208,-0.4689823417397919,0.32126409406886025,1790244769,318833600
0.3203466635977644,-0.46898740069045763,0.32328218924072544,1790244769,369520437
0.3518153257617117,-0.4667072832706591,0.36778291794923634,1790244769,419534698
0.35269605414189054,-0.46670640389805007,0.3673092927808054,1790244769,469458958
0.3655788210461948,-0.4660152227910463,0.415463349546986,1790244769,519808590
0.35979540852066727,-0.46601578462840376,0.4170608808744265,1790244769,569523423
0.36075931300213304,-0.4660156909886116,0.4167946249919341,1790244769,619060590
0.36268710760179756,-0.4660155037104227,0.41626211719446315,1790244769,669142351
0.36365101208326334,-0.4660154100706306,0.41599586131197075,1790244769,719916558
0.36075931300213304,-0.4660156909886116,0.4167946249919341,1790244769,768822833
0.3646149165647291,-0.46601531643083843,0.4157296054294784,1790244769,821872030
0.36365101208326334,-0.4660154100706306,0.41599586131197075,1790244769,871174196
0.36268710760179756,-0.4660155037104227,0.41626211719446315,1790244769,919871581
0.36075931300213304,-0.4660156909886116,0.4167946249919341,1790244769,970087324
0.34437058889275635,-0.4654352455454352,0.3772871718517047,1790244770,19209526
0.3506096182160232,-0.4654296350639576,0.37411314103705695,1790244770,69868733
0.3223260483672501,-0.4632568660432507,0.32701097087268693,1790244770,119490233
0.3238302521024782,-0.4632536079424743,0.32569287500356925,1790244770,169694495
0.28315469314675495,-0.45975849409018843,0.28812492858096245,1790244770,220507610
0.2808812063883296,-0.4597679086070836,0.29141601262365346,1790244770,270545333
0.23423164909447544,-0.45617082988248503,0.262553267474968,1790244770,318961144
0.23352883922733894,-0.4561766968232824,0.26442570975235363,1790244770,369299795
0.18061640071167312,-0.4525315766764883,0.24763093096985073,1790244770,419912483
0.18050377042647356,-0.452534916067915,0.24862456436323116,1790244770,469452242
0.12439447727404875,-0.44894537664837536,0.24826229590748045,1790244770,520476025
0.12479801601590498,-0.44895601253254064,0.25123501853831376,1790244770,569236930
0.07208668732740875,-0.4453937863288659,0.26830994260258945,1790244770,619682173
0.07246100460655278,-0.4453973196033479,0.2692372226797317,1790244770,668681819
0.026398768139004117,-0.441888457200471,0.29707328692699536,1790244770,720078233
0.027575917189221616,-0.4418950737678106,0.2986901643333217,1790244770,768980026
-0.006799880922214105,-0.43846250257657093,0.339084207583874,1790244770,820342088
-0.0029565344519261044,-0.4384769073020293,0.34228239968715923,1790244770,869231215
-0.029288289363085668,-0.4362560416502807,0.3850913473722761,1790244770,919010030
-0.025683657900087586,-0.436265140758492,0.3868252892592502,1790244770,969207384
-0.035198757443643036,-0.43570230654636516,0.42435061027542226,1790244771,19717887
-0.03132719278301557,-0.4357090971407733,0.4253560684852039,1790244771,70313965
-0.032295078539659974,-0.43570739950165766,0.42510470533736716,1790244771,119498000
-0.03132719278301557,-0.4357090971407733,0.4253560684852039,1790244771,168928815
-0.02939140684702686,-0.43571249244430166,0.4258587985265005,1790244771,220049301
-0.03035929981502121,-0.4357107947925375,0.4256074335058522,1790244771,269079114
-0.03035929981502121,-0.4357107947925375,0.4256074335058522,1790244771,319474302
-0.03035929981502121,-0.4357107947925375,0.4256074335058522,1790244771,371912663
-0.02842352109038246,-0.43571419008341733,0.42611016167433724,1790244771,420292622
-0.03035929981502121,-0.4357107947925375,0.4256074335058522,1790244771,469540306
-0.019498412227132958,-0.43523324872628205,0.3924560605849051,1790244771,520303051
-0.024030739921722208,-0.4352220549456525,0.39034470256589426,1790244771,569661884
0.0034242338269831196,-0.4329930425594841,0.34099145152962873,1790244771,618923086
-0.00033717160143406644,-0.43297837044717735,0.33769727997239296,1790244771,669030847
0.040205084530179305,-0.4293867999143477,0.3021160461088601,1790244771,719466665
0.035757328979434885,-0.429359884791324,0.2954664771666044,1790244771,769547129
0.08503934067269242,-0.42557682730212354,0.2678363094488476,1790244771,819547686
0.08439587546047149,-0.42556969952145984,0.26594265744072043,1790244771,868895204
0.14063315881748376,-0.421774886100996,0.24974618457523903,1790244771,919832227
0.1407613192883762,-0.42178192404687775,0.25174206572738667,1790244771,968868207
0.19852647327720166,-0.4180364362770375,0.25457224039237114,1790244772,20291676
0.1987211220211429,-0.4180331996146821,0.25359137065401705,1790244772,68754931
0.2547533265225669,-0.41427819327183135,0.2715612304467364,1790244772,119399620
0.2547533265225669,-0.41427819327183135,0.2715612304467364,1790244772,169000546
0.30130736514591105,-0.41056713190043753,0.30616622386703507,1790244772,219682142
0.30130736514591105,-0.41056713190043753,0.30616622386703507,1790244772,269097179
0.33906492689258777,-0.4074005831693622,0.3505752530205471,1790244772,320237332
0.34072665117512924,-0.4073981599032149,0.3494622917682687,1790244772,369330812
0.36475428607946614,-0.4060803600524473,0.4026195129861066,1790244772,419038572
0.36475428607946614,-0.4060803600524473,0.4026195129861066,1790244772,469464982
0.3598468380658274,-0.40601619210764717,0.4172681150282517,1790244772,519327131
0.36370244193082923,-0.40601581745575516,0.41620309656060495,1790244772,569147354
0.36466634648789675,-0.4060157237924332,0.4159368409518158,1790244772,620394267
0.36466634648789675,-0.4060157237924332,0.4159368409518158,1790244772,668992264
0.3627385373737617,-0.4060159111190771,0.41646935216939407,1790244772,720097991
0.3627385373737617,-0.4060159111190771,0.41646935216939407,1790244772,769110897
0.36081074262289486,-0.40601609844432524,0.41700185941946255,1790244772,823334375
0.3617746328166943,-0.406016004782399,0.4167356077781832,1790244772,870098403
0.36466634648789675,-0.4060157237924332,0.4159368409518158,1790244772,919946885
0.3627385373737617,-0.4060159111190771,0.41646935216939407,1790244772,970179776
0.3485367088213725,-0.40531317782699516,0.36814637732126587,1790244773,19375997
0.3485367088213725,-0.40531317782699516,0.36814637732126587,1790244773,69714685
0.3107996350992217,-0.402809993907738,0.319202138185671,1790244773,119788224
0.313638226573244,-0.40280267381800394,0.3163839312201511,1790244773,170028837
0.2618967192728925,-0.3987521666604968,0.28099014701636144,1790244773,219446670
0.2628659767139667,-0.3987469358456335,0.27924072732416794,1790244773,269451005
0.20341755645778736,-0.394476770899291,0.25875289737698803,1790244773,319124950
0.2040757641281592,-0.39446718506975503,0.2558260188612842,1790244773,368912210
0.14084231562367056,-0.3901775600649669,0.24784071454597015,1790244773,419331509
0.1412184876334678,-0.3901986650137736,0.25382887088147316,1790244773,469030843
0.08050977797474572,-0.3859429058646756,0.26639008691878585,1790244773,519422401
0.08050977797474572,-0.3859429058646756,0.26639008691878585,1790244773,569502551
0.027195745001534363,-0.38167182512177333,0.29797216061700316,1790244773,619866035
0.028959260514563462,-0.38168177519324986,0.3003990826407738,1790244773,668853107
-0.010596072016104033,-0.3778340809317084,0.34567954090743225,1790244773,718952331
-0.00822399889928363,-0.37784250876352016,0.3475161776647112,1790244773,769065481
-0.03436688662736369,-0.37591147029273403,0.3995520901705083,1790244773,819795985
-0.03343610924723238,-0.3759135341610707,0.39991767636035047,1790244773,869538097
-0.03417944510356681,-0.37570439818039414,0.42480917554050074,1790244773,919642192
-0.03805100997915539,-0.3756976074855696,0.4238037181591156,1790244773,969370377
-0.03514733812530155,-0.37570270050352583,0.424557810726952,1790244774,19305286
-0.03417944510356681,-0.37570439818039414,0.42480917554050074,1790244774,69012231
-0.03417944510356681,-0.37570439818039414,0.42480917554050074,1790244774,119044862
-0.03514733812530155,-0.37570270050352583,0.424557810726952,1790244774,168733992
-0.03321155208183209,-0.37570609585726245,0.4250605403540495,1790244774,223217657
-0.03514733812530155,-0.37570270050352583,0.424557810726952,1790244774,270087241
-0.03611522393568592,-0.3757010028393062,0.4243064477862132,1790244774,322162527
-0.03417944510356681,-0.37570439818039414,0.42480917554050074,1790244774,370923839
-0.020580395329291915,-0.3750968342927655,0.38361448025098543,1790244774,419223409
-0.025026690228701395,-0.37508509526799344,0.3813274842551691,1790244774,469088781
0.010706070873294518,-0.3724832883780944,0.3291033184583801,1790244774,519583284
0.010000192320723772,-0.3724802191983289,0.32839498936659006,1790244774,569014135
0.05563636838923468,-0.3681521314832337,0.2850365918727531,1790244774,619064655
0.054704980956485155,-0.3681451814255322,0.28326672584540796,1790244774,669470066
0.11798065091928912,-0.3634390698600952,0.25967376782993595,1790244774,719874383
0.1176396298685761,-0.3634319358255168,0.25770306491955064,1790244774,769351235
0.18553017938883515,-0.3587503966354904,0.25763865527458885,1790244774,819781479
0.18608778819390687,-0.3587371380617618,0.2536777409519432,1790244774,868852477
0.25080569579403467,-0.35409891986286257,0.2742771798993459,1790244774,918946164
0.2512378899092904,-0.3540961666961378,0.2733754012569224,1790244774,968914295
0.30421374420966185,-0.34956332555236685,0.3157187252120732,1790244775,20495487
0.30421374420966185,-0.34956332555236685,0.3157187252120732,1790244775,68933595
0.3485716133907241,-0.3466864733303464,0.36624646155574364,1790244775,119217357
0.34944518579707506,-0.34668554273201313,0.3657597640747877,1790244775,168985617
0.36568165108027373,-0.34601601451453595,0.4158775925933203,1790244775,220302326
0.36664555538801613,-0.3460159207721294,0.4156113360819484,1790244775,268713378
0.3637538424647889,-0.346016201999349,0.4164101056160642,1790244775,319334123
0.3647177467725313,-0.34601610825694246,0.4161438491046922,1790244775,370241035
0.36760945969575853,-0.34601582702972283,0.4153450795705764,1790244775,419332644
0.36568165108027373,-0.34601601451453595,0.4158775925933203,1790244775,468967404
0.3637538424647889,-0.346016201999349,0.4164101056160642,1790244775,518914665
0.3637538424647889,-0.346016201999349,0.4164101056160642,1790244775,576441099
0.36760945969575853,-0.34601582702972283,0.4153450795705764,1790244775,620415784
0.3637538424647889,-0.346016201999349,0.4164101056160642,1790244775,668761576
0.3516662015600496,-0.3454077271756551,0.37200799055962946,1790244775,720696177
0.3516662015600496,-0.3454077271756551,0.37200799055962946,1790244775,768903339
0.3097484002226926,-0.34277797412951655,0.31690203063622957,1790244775,819616714
0.3090469743155564,-0.3427798364241803,0.317614773424181,1790244775,869255121
0.2521385484932495,-0.3382244012233262,0.2794285319054517,1790244775,920017107
0.25258474366476324,-0.33822168421317317,0.27853359808672895,1790244775,968748049
0.18752873263401998,-0.333189588491469,0.2559922583271236,1790244776,20087555
0.18723457861990786,-0.3331962007270139,0.25797050146354605,1790244776,69379406
0.11840651723148334,-0.3281649658426471,0.25668720158748193,1790244776,118880739
0.11923869275746664,-0.32818282509412583,0.2616174415683642,1790244776,169563521
0.054760180231155434,-0.3231438161608819,0.2822921967190089,1790244776,219525078
0.054296654820865056,-0.3231403274898162,0.2814061176726991,1790244776,268888633
0.0017558109977725278,-0.31876161393716806,0.3241759514375191,1790244776,319998490
0.005330638751381969,-0.31877690637609846,0.3276717095798456,1790244776,368684080
-0.033525687913388724,-0.31642154704149683,0.38072708106100994,1790244776,424766510
-0.029045162831362242,-0.316433117622795,0.38294625059650894,1790244776,469011714
-0.03702813432026275,-0.3157005392784068,0.42424874027789133,1790244776,519753292
-0.03896388482546298,-0.31569714359454776,0.42374587383098117,1790244776,568935403
-0.03896388482546298,-0.31569714359454776,0.42374587383098117,1790244776,620246927
-0.03896388482546298,-0.31569714359454776,0.42374587383098117,1790244776,669327018
-0.037996009572862866,-0.3156988414364773,0.4239973070544363,1790244776,720516728
-0.037996009572862866,-0.3156988414364773,0.4239973070544363,1790244776,768851631
-0.03702813432026275,-0.3157005392784068,0.42424874027789133,1790244776,821577864
-0.037996009572862866,-0.3156988414364773,0.4239973070544363,1790244776,876859569
-0.037996009572862866,-0.3156988414364773,0.4239973070544363,1790244776,924513470
-0.039931752866845124,-0.31569544576526815,0.42349444248084583,1790244776,971168682
-0.02628997733880542,-0.31521078358830057,0.38873012178569955,1790244777,19133066
-0.028099339637076906,-0.31520628029653847,0.3878779632299662,1790244777,69077475
0.0060538693283293254,-0.3127028221105441,0.33416000122469286,1790244777,119815535
0.0031383317253908805,-0.3126907954663801,0.33142149040925095,1790244777,169518184
0.05367510836478882,-0.30826268273246255,0.2897410488231863,1790244777,219392741
0.0527112433054905,-0.3082557559911239,0.2879886412278484,1790244777,268990630
0.11483241359826622,-0.3032345640059,0.2635207930353729,1790244777,320170691
0.11426873763840696,-0.30322382121086433,0.2605742373371531,1790244777,368906688
0.18199098052148802,-0.29816242335357995,0.2603968382597778,1790244777,420402121
0.18261374567411198,-0.29814570486724123,0.2554357914564418,1790244777,469097341
0.25012392663467287,-0.2931897717807376,0.27191345387903015,1790244777,519576288
0.25054880386497347,-0.2931869995806358,0.2710082049037761,1790244777,569491771
0.31071626329778634,-0.2892886889361658,0.30824056528768573,1790244777,619267587
0.3100325142440966,-0.28929061394200106,0.3089702827529084,1790244777,669381386
0.3517589283612274,-0.28723597995894445,0.36589251797865385,1790244777,720429298
0.3535105050150784,-0.28723417543812063,0.3649271205569314,1790244777,770272540
0.3724847008534413,-0.2860166629412425,0.4142365153573027,1790244777,819357242
0.36959293097122164,-0.2860169435281203,0.4150350786595135,1790244777,868803076
0.3715207775593681,-0.28601675647020175,0.41450270312470633,1790244777,920759454
0.37055685426529483,-0.286016849999161,0.4147688908921099,1790244777,969077173
0.3686290076771484,-0.28601703705707954,0.4153012664269171,1790244778,19388435
0.37055685426529483,-0.286016849999161,0.4147688908921099,1790244778,69347140
0.36959293097122164,-0.2860169435281203,0.4150350786595135,1790244778,122573764
0.36766509874662245,-0.28601713058464506,0.41556745022782193,1790244778,172180264
0.3715207775593681,-0.28601675647020175,0.41450270312470633,1790244778,221480504
0.36959293097122164,-0.2860169435281203,0.4150350786595135,1790244778,269824630
0.35591912243793467,-0.2853662924709894,0.36945793634792545,1790244778,319033722
0.3550326159972229,-0.2853671282940004,0.3699206562254934,1790244778,369652614
0.3109035090674859,-0.28245424893839244,0.31539354764047095,1790244778,419878524
0.30880329513927834,-0.2824598383688335,0.31753574681075913,1790244778,469203191
0.25105900907607104,-0.27755449739425264,0.2813135738903892,1790244778,519102581
0.2501688475851902,-0.27755992380048383,0.28310453443775047,1790244778,569533566
0.18730945281363268,-0.27236171284725613,0.2571785638190722,1790244778,619453289
0.18686990237508996,-0.27237160744974376,0.2601461780101183,1790244778,669417291
0.11813219426516228,-0.26737960663854776,0.2549293788672896,1790244778,718735364
0.11863137970450596,-0.26739029088315364,0.25788752808854565,1790244778,769158275
0.05399149473304794,-0.26258576581515347,0.28067772537472246,1790244778,821259802
0.054917533984669295,-0.2625927189691648,0.2824504123664347,1790244778,869022204
0.0012328414576771723,-0.25844078360432904,0.32354351803948345,1790244778,919547022
0.002661427221670995,-0.25844688179229053,0.3249431830476029,1790244778,969193560
-0.03516144246034804,-0.2562255722957783,0.3798327658061359,1790244779,20638548
-0.03247463762356029,-0.2562325084646697,0.3811673324536491,1790244779,70005844
-0.04568756796254558,-0.2556856533881812,0.4221930171876307,1790244779,119069843
-0.04278395685107142,-0.25569074713208156,0.42294731397156266,1790244779,169477457
-0.04375183202904108,-0.2556890492090145,0.4226958804613708,1790244779,221581651
-0.04278395685107142,-0.25569074713208156,0.42294731397156266,1790244779,269323071
-0.04278395685107142,-0.25569074713208156,0.42294731397156266,1790244779,319118628
-0.04181608167310176,-0.25569244505514865,0.4231987474817545,1790244779,369221297
-0.04278395685107142,-0.25569074713208156,0.42294731397156266,1790244779,423687573
-0.04181608167310176,-0.25569244505514865,0.4231987474817545,1790244779,475785230
-0.04471969278457594,-0.2556873513112483,0.4224444506978226,1790244779,521453643
-0.04181608167310176,-0.25569244505514865,0.4231987474817545,1790244779,569015155
-0.029480935769392605,-0.25507829810753546,0.38188654890285223,1790244779,619042546
-0.029480935769392605,-0.25507829810753546,0.38188654890285223,1790244779,669570179
0.003092550826714391,-0.25239985068660437,0.32882915043300087,1790244779,719425810
0.003092550826714391,-0.25239985068660437,0.32882915043300087,1790244779,769178737
0.051695033322124564,-0.24793074283953903,0.2887883552903503,1790244779,821052505
0.05072118953612002,-0.24792385238086626,0.28704149026695097,1790244779,869609353
0.11049067650550473,-0.24324376459852676,0.2635942816071833,1790244779,919562244
0.10986867610453319,-0.24323306979163234,0.2606594838968843,1790244779,968757354
0.1753492156471053,-0.23873433812525455,0.25485210097694244,1790244780,20569307
0.17525771928905348,-0.23873770365132513,0.2558479027357366,1790244780,69195785
0.23903355340960017,-0.2343747411013955,0.2705098723548117,1790244780,120757774
0.24017443611896266,-0.23436613283728533,0.26773529858350553,1790244780,169117863
0.29695693064324324,-0.23016239083440454,0.300388025095735,1790244780,219258347
0.2975884440264155,-0.23016025647230987,0.29961266044314067,1790244780,269070404
0.3467908860941944,-0.22705259052460672,0.3481503812892788,1790244780,320221613
0.3509653912956628,-0.2270466831898959,0.34539836879760855,1790244780,368699443
0.39587982872451155,-0.22602086384387488,0.40511499701379317,1790244780,418870390
0.4247071177203037,-0.22601688504298081,0.39680912771264226,1790244780,469244930
0.4380802739185587,-0.22601108518846869,0.39633419231522143,1790244780,519197025
0.4371163589588599,-0.22601117860313613,0.39660041026139053,1790244780,569032896
0.4342246140797634,-0.2260114588471384,0.39739906409989784,1790244780,619303880
0.4371163589588599,-0.22601117860313613,0.39660041026139053,1790244780,668682806
0.43326069912006465,-0.22601155226180583,0.39766528204606694,1790244780,719424959
0.4361524439991611,-0.22601127201780355,0.39686662820755964,1790244780,768881940
0.4322967841603659,-0.22601164567647328,0.39793149999223604,1790244780,819787353
0.4390441745148344,-0.22601099177519324,0.3960679783360008,1790244780,871512990
0.43518852903946226,-0.22601136543247097,0.39713284615372874,1790244780,919163706
0.4361524439991611,-0.22601127201780355,0.39686662820755964,1790244780,969747784
0.4070411230603904,-0.22524307219085477,0.33791791019956186,1790244781,22320869
0.38770085008033095,-0.2252626636580862,0.34840377935695577,1790244781,69104952
0.3351399246967752,-0.2225952002188967,0.2973580203034781,1790244781,120169847
0.3308638428897892,-0.22260605425827834,0.3015669362765091,1790244781,169146605
0.2758518345128019,-0.2183192222448355,0.2606962794649629,1790244781,219277199
0.2753603481270026,-0.2183218088211115,0.26156716320882145,1790244781,269269535
0.21548424784806366,-0.21406952644545393,0.23240694178204013,1790244781,320621263
0.21717569891466787,-0.2140474974447312,0.2256144092647215,1790244781,369957671
0.1434097184970277,-0.20967181579366695,0.21029149379652212,1790244781,421370492
0.14309770129042312,-0.2096473613234747,0.20329849463821456,1790244781,469296728
0.06953370710712746,-0.20552184297097734,0.2190221317985616,1790244781,519760546
0.07048735654665236,-0.20553250289685418,0.22186650793236556,1790244781,569396269
-0.003944034539188554,-0.20145067616072154,0.2435785281100179,1790244781,620323978
0.0017297805745018074,-0.20148404661566865,0.25181299941870694,1790244781,668623011
-0.027613644000661408,-0.19799460253081164,0.3214103665539429,1790244781,719055237
-0.02684708773507609,-0.19799748367983067,0.32205254039628795,1790244781,768953405
-0.0545625980099243,-0.19598619697188938,0.38146658147322254,1790244781,819753002
-0.06370267602115315,-0.19596433030250837,0.3774096610789073,1790244781,868698667
-0.06983484376579685,-0.19564392225066327,0.41612152941741865,1790244781,919533894
-0.082417295222873,-0.1956218489731308,0.4128532977522901,1790244781,970673567
-0.04660569262942735,-0.19568467293439332,0.42215519046963307,1790244782,21849980
-0.09016034560166283,-0.19560826541188747,0.410842077401552,1790244782,68892713
-0.06112391028683917,-0.1956592037602247,0.41838415278027274,1790244782,120665535
-0.08338517832304082,-0.19562015102481273,0.4126018947401742,1790244782,168906420
-0.06499544268751051,-0.19565241196695235,0.417378540731809,1790244782,219263127
-0.07467424484408317,-0.19563543253437418,0.41486451810302827,1790244782,273617144
-0.08048152902253733,-0.19562524486976698,0.413356103776522,1790244782,322613735
-0.04757357572959517,-0.19568297498607523,0.42190378745751717,1790244782,373553537
-0.05142738277638406,-0.19514112996216457,0.37702440948365973,1790244782,418763689
-0.04871453016236296,-0.19514788335333003,0.37830516401028064,1790244782,469570212
-0.018342195764942365,-0.19277550123305504,0.3213865567390199,1790244782,519237306
-0.017592493713641286,-0.19277843460878571,0.322048328816628,1790244782,569328956
0.027693021270397813,-0.1890530538067878,0.28379231911893404,1790244782,619268014
0.0015769938626855329,-0.18889548407681966,0.24471638236371548,1790244782,669146978
